category,item_key,name,qty,notes,aliexpress_url,amazon_url,pcbway_url,other_urls,all_urls
Leg Linkage Mechanism,servo-motors,Servo Motors,12,"180 degrees, 35kg (Approx 49.5x20,2x40mm)",https://s.click.aliexpress.com/e/_c3oYCwzH,https://geni.us/niJrcJn,,,https://s.click.aliexpress.com/e/_c3oYCwzH | https://geni.us/niJrcJn
Leg Linkage Mechanism,raspberry-pi-4-model-b,Raspberry Pi 4 Model B,1,8gb Ram,https://s.click.aliexpress.com/e/_c3vHe6u7,https://geni.us/j51XYY,,,https://s.click.aliexpress.com/e/_c3vHe6u7 | https://geni.us/j51XYY
Leg Linkage Mechanism,lipo-battery,LiPo Battery,1,4000mAh 4S 45~90C Lipo Pack w/XT-90 (You can change to the XT-90 connect later),https://s.click.aliexpress.com/e/_c3RFa1Cf,https://geni.us/4H2lJ,,,https://s.click.aliexpress.com/e/_c3RFa1Cf | https://geni.us/4H2lJ
Leg Linkage Mechanism,imu,IMU,1,Integrated Measuring Unit,https://s.click.aliexpress.com/e/_c3RY5ql9,https://geni.us/GV5tKTw,,https://core-electronics.com.au/speaker-pcb-mount.html,https://s.click.aliexpress.com/e/_c3RY5ql9 | https://geni.us/GV5tKTw | https://core-electronics.com.au/speaker-pcb-mount.html
Leg Linkage Mechanism,raspberry-pi-breakout-board,Raspberry Pi Breakout Board,1,Made by Dfrobot,https://s.click.aliexpress.com/e/_c3qH7iyL,https://geni.us/MbTbrQP,,,https://s.click.aliexpress.com/e/_c3qH7iyL | https://geni.us/MbTbrQP
Leg Linkage Mechanism,fan,Fan,2,,https://s.click.aliexpress.com/e/_c2yKau2J,https://geni.us/bTXZ0,,,https://s.click.aliexpress.com/e/_c2yKau2J | https://geni.us/bTXZ0
Leg Linkage Mechanism,servo-driver-pca9685,Servo Driver PCA9685,1,"To control servo motors, via I2C interface",https://s.click.aliexpress.com/e/_c4WSVNR5,https://geni.us/AAHBTxq,,,https://s.click.aliexpress.com/e/_c4WSVNR5 | https://geni.us/AAHBTxq
Leg Linkage Mechanism,arduino-nano,Arduino Nano,1,"For IMU, Battery sensing, LCD screen",https://s.click.aliexpress.com/e/_c4lOubMf,https://geni.us/aKQfQgw,,,https://s.click.aliexpress.com/e/_c4lOubMf | https://geni.us/aKQfQgw
Leg Linkage Mechanism,dc-to-dc-buck-converter-20a,DC to DC (Buck) converter 20A,1,"Adjustable, set to ~7V in Dingo",https://s.click.aliexpress.com/e/_c2xxpYsF,https://geni.us/TxDhP,,,https://s.click.aliexpress.com/e/_c2xxpYsF | https://geni.us/TxDhP
Leg Linkage Mechanism,power-distribution-pcb,Power Distribution PCB,1,Make sure to chose PCB + Assembly,https://www.pcbway.com/project/shareproject/Quadruped_PCB_v1_0_3a5d3450.html,,,,https://www.pcbway.com/project/shareproject/Quadruped_PCB_v1_0_3a5d3450.html
Leg Linkage Mechanism,orange-acrylic,Orange Acrylic,1,Adding STEP + DXF in case you cant print this.,,,,,
Body Construction,lcd-screen,LCD Screen,1,1.47 inch,https://s.click.aliexpress.com/e/_c3nRMT8R,https://geni.us/CAwIn,,,https://s.click.aliexpress.com/e/_c3nRMT8R | https://geni.us/CAwIn
Body Construction,dc-to-dc-buck-converter-3a,DC to DC (buck) converter 3A,1,For fans,https://s.click.aliexpress.com/e/_c4nTjYQB,https://geni.us/c3gAkvd,,,https://s.click.aliexpress.com/e/_c4nTjYQB | https://geni.us/c3gAkvd
Body Construction,emergency-stop-switch,Emergency Stop Switch,1,3a at 12-220V rated,https://s.click.aliexpress.com/e/_c4p5MQQr,https://geni.us/TkuUP,,,https://s.click.aliexpress.com/e/_c4p5MQQr | https://geni.us/TkuUP
Body Construction,32gb-microsd-card,32GB MicroSD card,1,32GB is maximum Pi supports,https://s.click.aliexpress.com/e/_c4Vsk2D9,https://geni.us/dKVzS49,,,https://s.click.aliexpress.com/e/_c4Vsk2D9 | https://geni.us/dKVzS49
Computing,bearing,Bearing,4,6705-2RS 25X32X4,https://s.click.aliexpress.com/e/_c4qqMrGR,https://geni.us/AmOzp,,,https://s.click.aliexpress.com/e/_c4qqMrGR | https://geni.us/AmOzp
Computing,thrust-bearings-legs,Thrust Bearings (legs),1,F4-10M 4x10x4mm,https://s.click.aliexpress.com/e/_c4LuEC4L,https://geni.us/sMGxk4,,,https://s.click.aliexpress.com/e/_c4LuEC4L | https://geni.us/sMGxk4
Computing,bearing-2,Bearing,20,684ZZ Mini Deep Groove Ball Bearing 4x9x4mm,https://s.click.aliexpress.com/e/_c4lVCOIX,https://geni.us/zvnXU,,,https://s.click.aliexpress.com/e/_c4lVCOIX | https://geni.us/zvnXU
Computing,servo-horns,Servo horns,4,RC Car Steering Servo Horn Arm 25T Teeth Long,https://s.click.aliexpress.com/e/_c3qWmlYf,https://geni.us/KN5c9Mg,,,https://s.click.aliexpress.com/e/_c3qWmlYf | https://geni.us/KN5c9Mg
Computing,dc-to-dc-buck-converter-4a,DC to DC (Buck) converter 4A,1,For all components except servos and fans,https://s.click.aliexpress.com/e/_c3Y7poIB,https://geni.us/JgfAO4C,,,https://s.click.aliexpress.com/e/_c3Y7poIB | https://geni.us/JgfAO4C
Computing,rasbpi-cooling-system,RasbPi Cooling System,1,,https://s.click.aliexpress.com/e/_c4VTyh0n,https://geni.us/PANnd,,,https://s.click.aliexpress.com/e/_c4VTyh0n | https://geni.us/PANnd
Computing,arduino-nano-breakout-board,Arduino Nano Breakout Board,1,,https://s.click.aliexpress.com/e/_c4dG8Y8L,https://geni.us/PcfeRm2,,,https://s.click.aliexpress.com/e/_c4dG8Y8L | https://geni.us/PcfeRm2
Power Supply and Management,terminal-blocks,Terminal Blocks,8,1935776,https://s.click.aliexpress.com/e/_c4pZ8KUj,https://geni.us/jVKo7C,,,https://s.click.aliexpress.com/e/_c4pZ8KUj | https://geni.us/jVKo7C
Power Supply and Management,heatsinks,Heatsinks,4,"6mm, black. Cut in half for each leg motor",https://s.click.aliexpress.com/e/_c3aKP3CR,https://geni.us/lxJBOw,,,https://s.click.aliexpress.com/e/_c3aKP3CR | https://geni.us/lxJBOw
Power Supply and Management,gpio-cable,GPIO Cable,1,To connect Pi to its breakout board,https://s.click.aliexpress.com/e/_c4avRRfl,https://geni.us/EjrSRtX,,,https://s.click.aliexpress.com/e/_c4avRRfl | https://geni.us/EjrSRtX
Power Supply and Management,servo-discs,Servo Discs,10,with screws.,https://s.click.aliexpress.com/e/_c3ajtifh,https://geni.us/ZDgXW,,,https://s.click.aliexpress.com/e/_c3ajtifh | https://geni.us/ZDgXW
PCB Parts,magnets,Magnets,8,Used to hold fans in place,https://s.click.aliexpress.com/e/_c4PVNdwL,https://geni.us/OPu9pBg,,,https://s.click.aliexpress.com/e/_c4PVNdwL | https://geni.us/OPu9pBg
PCB Parts,rod-ends-long,"Rod ends,Long",4,S 3mm L30mm M3,https://s.click.aliexpress.com/e/_c4BWGoqR,https://geni.us/DR5Z7v,,,https://s.click.aliexpress.com/e/_c4BWGoqR | https://geni.us/DR5Z7v
PCB Parts,rod-long,Rod long,4,90mm long (cut if needed),https://s.click.aliexpress.com/e/_c3NNQAiP,,,,https://s.click.aliexpress.com/e/_c3NNQAiP
PCB Parts,rod-ends-short,Rod ends Short,4,N 3mm L20mm M3,https://s.click.aliexpress.com/e/_c4BWGoqR,https://geni.us/BkDvnH,,,https://s.click.aliexpress.com/e/_c4BWGoqR | https://geni.us/BkDvnH
PCB Parts,rod-short,Rod short,2,16mm long (cut if needed),https://s.click.aliexpress.com/e/_c3NNQAiP,,,,https://s.click.aliexpress.com/e/_c3NNQAiP
PCB Parts,logic-level-converter,Logic Level Converter,1,For adjusting voltage between the pi and the nano,https://s.click.aliexpress.com/e/_c2wzgmJt,https://geni.us/3TiJfB,,,https://s.click.aliexpress.com/e/_c2wzgmJt | https://geni.us/3TiJfB
PCB Parts,m3-threaded-inserts,M3 threaded inserts,1,"Pack of 100, M3xD4.6xL4.0",https://s.click.aliexpress.com/e/_c3t5s4td,https://geni.us/9sAZlUn,,,https://s.click.aliexpress.com/e/_c3t5s4td | https://geni.us/9sAZlUn
PCB Parts,xt60h-connector,XT60H Connector,1,To connect LiPo to the robot,https://s.click.aliexpress.com/e/_c3piOj51,https://geni.us/aVZdcGf,,,https://s.click.aliexpress.com/e/_c3piOj51 | https://geni.us/aVZdcGf
PCB Parts,on-off-switch,On/off Switch,1,20A at 14VDC rated,https://s.click.aliexpress.com/e/_c2x5Xvx9,https://geni.us/dgsSxN,,,https://s.click.aliexpress.com/e/_c2x5Xvx9 | https://geni.us/dgsSxN
PCB Parts,spring,Spring,1,For battery latch mechanism. 35mm long x 7mm OD,https://s.click.aliexpress.com/e/_c38DYmvz,https://geni.us/t9JlB,,,https://s.click.aliexpress.com/e/_c38DYmvz | https://geni.us/t9JlB
Electrical,male-connector-for-peripherals,Male Connector (for peripherals),12,B2B-PH-K-S(LF)(SN),https://s.click.aliexpress.com/e/_c3eOJxcB,https://geni.us/g3jfpk7,,,https://s.click.aliexpress.com/e/_c3eOJxcB | https://geni.us/g3jfpk7
Electrical,digital-voltmeter,Digital Voltmeter,1,"DC 2.5-30V, used to measure battery voltage",https://s.click.aliexpress.com/e/_c3UuRXlD,https://geni.us/mbArXwk,,,https://s.click.aliexpress.com/e/_c3UuRXlD | https://geni.us/mbArXwk
Electrical,socket-for-connectors,Socket for Connectors,25,SPH-002T-P0.5S,https://s.click.aliexpress.com/e/_c4XMd4bp,https://geni.us/FWRkK,,,https://s.click.aliexpress.com/e/_c4XMd4bp | https://geni.us/FWRkK
Electrical,threaded-rods-long,"Threaded rods, long",5,M3 x 110mm,https://s.click.aliexpress.com/e/_c4UsQtab,https://geni.us/M8sIZIp,,,https://s.click.aliexpress.com/e/_c4UsQtab | https://geni.us/M8sIZIp
Electrical,female-connector-for-peripherals,Female Connector (for peripherals),12,PHR-2,https://s.click.aliexpress.com/e/_c3AkcVdD,https://geni.us/Auyl1wR,,,https://s.click.aliexpress.com/e/_c3AkcVdD | https://geni.us/Auyl1wR
Electrical,capacitor,Capacitor,1,"2200uF 16VDC Electrolytic RB Capacitor ,For servo board",https://s.click.aliexpress.com/e/_c4N6hXdZ,https://geni.us/Hxr7KrE,,,https://s.click.aliexpress.com/e/_c4N6hXdZ | https://geni.us/Hxr7KrE
Electrical,threaded-rods-short,"Threaded rods,short",5,M3 x 25mm,https://s.click.aliexpress.com/e/_c4ohc7TN,https://geni.us/IXWZiC0,,,https://s.click.aliexpress.com/e/_c4ohc7TN | https://geni.us/IXWZiC0
Electrical,reverse-polarity-protection-diode,Reverse Polarity Protection Diode,1,B160-13-F,https://s.click.aliexpress.com/e/_c3GnIKbp,https://geni.us/2JNVK,,,https://s.click.aliexpress.com/e/_c3GnIKbp | https://geni.us/2JNVK
Electrical,47k-resistor,47k Resistor,1,CRGCQ1206F47K,https://s.click.aliexpress.com/e/_c4c1Cx8n,https://geni.us/wGvVe,,,https://s.click.aliexpress.com/e/_c4c1Cx8n | https://geni.us/wGvVe
Misc,10k-resistor,10k resistor,1,CRGCQ0805F10K,https://s.click.aliexpress.com/e/_c4c1Cx8n,https://geni.us/aShan4,,,https://s.click.aliexpress.com/e/_c4c1Cx8n | https://geni.us/aShan4
Misc,ps4-controller,PS4 Controller,1,,https://s.click.aliexpress.com/e/_c4CvwWxp,https://geni.us/XiW4,,,https://s.click.aliexpress.com/e/_c4CvwWxp | https://geni.us/XiW4
Misc,power-delivery-wire,Power Delivery Wire,-,"Minimum 12AWG, for wires expected to carry current above 2A and/or voltage above 5V",https://s.click.aliexpress.com/e/_c3XeHXW7,https://geni.us/XebB,,,https://s.click.aliexpress.com/e/_c3XeHXW7 | https://geni.us/XebB
Misc,connection-wire,Connection Wire,-,"22-30AWG, recommend solid core, used for all other wires",https://s.click.aliexpress.com/e/_c3XeHXW7,https://geni.us/BbErE,,,https://s.click.aliexpress.com/e/_c3XeHXW7 | https://geni.us/BbErE
Misc,ferrules,Ferrules,-,"Optional, if used need approx 20 across robot",https://s.click.aliexpress.com/e/_c4b0JD7N,https://geni.us/uW3lDP,,,https://s.click.aliexpress.com/e/_c4b0JD7N | https://geni.us/uW3lDP
Misc,heat-shrink,Heat Shrink,-,"Only small amount required, for covering exposed solid-core wires",https://s.click.aliexpress.com/e/_c30Kx0Xt,https://geni.us/QeW8,,,https://s.click.aliexpress.com/e/_c30Kx0Xt | https://geni.us/QeW8
Misc,100k-resistors,100k resistors,-,For dividing the voltage at the buck converter so that it is readable by the nano,https://s.click.aliexpress.com/e/_c3fDqW83,https://geni.us/CDzFOW,,,https://s.click.aliexpress.com/e/_c3fDqW83 | https://geni.us/CDzFOW
Misc,m3-nuts,M3 Nuts,-,,https://s.click.aliexpress.com/e/_c3HQLb9v,https://geni.us/dmXnT,,,https://s.click.aliexpress.com/e/_c3HQLb9v | https://geni.us/dmXnT
Misc,m3-bolts,M3 Bolts,-,,https://s.click.aliexpress.com/e/_c3i5gzGJ,https://geni.us/HkHYUQI,,,https://s.click.aliexpress.com/e/_c3i5gzGJ | https://geni.us/HkHYUQI
Filaments,black-abs-asa-petg-pc-filament,Black ABS/ASA/PETG&PC Filament,-,Approx 500g required,https://s.click.aliexpress.com/e/_c2u7dF8J,https://geni.us/gAhsy,,,https://s.click.aliexpress.com/e/_c2u7dF8J | https://geni.us/gAhsy
Filaments,yellow-abs-asa-petg-pc-filament,Yellow ABS/ASA/PETG&PC Filament,-,Approx 500g required,https://s.click.aliexpress.com/e/_c4sIjv6L,https://geni.us/iEIj,,,https://s.click.aliexpress.com/e/_c4sIjv6L | https://geni.us/iEIj
Filaments,black-pla-filament,Black PLA Filament,-,Approx 750g required (includes 500g for the stand),https://s.click.aliexpress.com/e/_c2QdFuwn,https://geni.us/m7Fcy3W,,,https://s.click.aliexpress.com/e/_c2QdFuwn | https://geni.us/m7Fcy3W
Filaments,white-tpu-filament,White TPU Filament,-,"Approx 50g required, for feet",https://s.click.aliexpress.com/e/_c3HBKl3V,https://geni.us/XPB98,,,https://s.click.aliexpress.com/e/_c3HBKl3V | https://geni.us/XPB98
Tools,crimp-tool,Crimp Tool,1,,https://s.click.aliexpress.com/e/_c4VtpJeL,https://geni.us/RH6Ac9,,,https://s.click.aliexpress.com/e/_c4VtpJeL | https://geni.us/RH6Ac9
Tools,hex-key-set,Hex Key set,1,,https://s.click.aliexpress.com/e/_c3rvP1lh,https://geni.us/BufZGm,,,https://s.click.aliexpress.com/e/_c3rvP1lh | https://geni.us/BufZGm
Tools,soldering-iron,Soldering Iron,1,,https://s.click.aliexpress.com/e/_c4sOxkox,https://geni.us/Drzhe7o,,,https://s.click.aliexpress.com/e/_c4sOxkox | https://geni.us/Drzhe7o
Tools,wire-cutter,Wire cutter,1,,https://s.click.aliexpress.com/e/_c2yogYf1,https://geni.us/TFzOR4,,,https://s.click.aliexpress.com/e/_c2yogYf1 | https://geni.us/TFzOR4
Tools,wire-stripper,Wire stripper,1,,,https://geni.us/SvNtLpP,,,https://geni.us/SvNtLpP
Tools,precision-screwdriver-set,Precision Screwdriver Set,1,,https://s.click.aliexpress.com/e/_c3bHpwH9,https://geni.us/Kk4tgSV,,,https://s.click.aliexpress.com/e/_c3bHpwH9 | https://geni.us/Kk4tgSV
Tools,heat-insert-set,Heat insert set,1,,https://s.click.aliexpress.com/e/_c4PpqBn5,https://geni.us/v1c6n,,,https://s.click.aliexpress.com/e/_c4PpqBn5 | https://geni.us/v1c6n
Tools,heat-insert-tip-set,Heat insert tip - set,1,,https://s.click.aliexpress.com/e/_c4V88eu7,https://geni.us/AiMMC,,,https://s.click.aliexpress.com/e/_c4V88eu7 | https://geni.us/AiMMC
Tools,soldering-iron-ts101,Soldering Iron TS101,1,,https://s.click.aliexpress.com/e/_c2QmV6QP,https://geni.us/rPNNHLD,,,https://s.click.aliexpress.com/e/_c2QmV6QP | https://geni.us/rPNNHLD
